scenario,controller,plant,path,vx_nominal_m_s,initial_cross_track_error_m,initial_heading_error_deg,path_length_m,max_abs_kappa_1_m,rms_ey_m,max_abs_ey_m,p95_abs_ey_m,iae_ey_m_s,rms_epsi_deg,max_abs_epsi_deg,iae_epsi_deg_s,max_abs_delta_deg,rms_delta_deg,max_abs_ddelta_deg_s,rms_ddelta_deg_s,iadc_deg,mean_solve_ms,median_solve_ms,p95_solve_ms,max_solve_ms,mean_osqp_iter,max_osqp_iter,hard_failures,duration_s,stopped_on_goal,final_distance_to_goal_m
linear_mpc_mild_path_7ms,Linear MPC (OSQP),Linear tire model,mild,7.0,1.0,2.0,90.55249293505426,0.005495131584213872,0.18805545627091738,1.0130750980447558,0.2878194852108471,0.5756410680101286,2.5924166654926606,12.94372716607087,11.247354632402903,18.0,3.1629003745129376,90.0,16.383715977956374,52.29843344098166,0.17149123825191512,0.1508845016360283,0.31519420444965357,0.3590686246752739,28.74015748031496,75.0,0,12.600000000000001,True,1.7143546802318945
linear_mpc_sharp_path_7ms,Linear MPC (OSQP),Linear tire model,sharp,7.0,1.0,2.0,128.5847570666714,0.13720951364595635,0.16915082428033787,1.019001023420958,0.1640179490928711,1.0839125490878752,3.1021658132805907,11.374431661161971,37.460878634523596,20.37607700899919,6.0938738253975115,90.0,14.56078355171844,108.56975003047276,0.1935604038638073,0.1783403567969799,0.2922775223851203,0.3509232774376869,29.807692307692307,75.0,0,18.1,True,1.865343838890534
